{"metadata":{"asset_id":"e06ccff9-76dd-4490-8929-97fafa95715d","asset_attributes":["data_asset"],"name":"ACCOUNTS.csv","asset_type":"data_asset","created_at":"2021-11-04T17:54:35Z","description":"","origin_country":"us","owner_id":"IBMid-664001S209","project_id":"0c778103-a9c3-4b76-baf3-1faabad341e6","size":118696,"tags":[],"usage":{"last_update_time":1636048476014,"last_updated_at":"2021-11-04T17:54:36Z"}},"entity":{"data_asset":{"mime_type":"text/csv","dataset":false}},"attachments":[{"id":"65b953fb-b7c5-4a96-9137-2923c9462013","version":2,"asset_type":"data_asset","name":"ACCOUNTS.csv","mime":"text/csv","datasource_type":"193a97c1-4475-4a19-b90c-295c4fdc6517","object_key":"ACCOUNTS.csv","creator_id":"IBMid-664001S209","create_time":1636048476013,"size":118696,"is_remote":false,"is_managed":false,"is_referenced":true,"is_object_key_read_only":true,"is_user_provided_path_key":true,"transfer_complete":true,"is_partitioned":false,"complete_time_ticks":1636048476013,"user_data":{},"test_doc":0,"handle":{"bucket":"desafio1maratona2021-donotdelete-pr-eb8eggp1gl8fur","location":"us-geo","key":"ACCOUNTS.csv","upload_id":"done","max_part_num":1},"usage":{"access_count":0,"last_accessor_id":"IBMid-664001S209","last_access_time":1636048476013}}]}
