{"metadata":{"asset_id":"24a72748-0ad5-49fb-bd44-bda508601db7","asset_attributes":["data_asset"],"name":"LOANS.csv","asset_type":"data_asset","created_at":"2021-11-04T17:54:24Z","description":"","origin_country":"us","owner_id":"IBMid-664001S209","project_id":"0c778103-a9c3-4b76-baf3-1faabad341e6","size":187222,"tags":[],"usage":{"last_update_time":1636048465378,"last_updated_at":"2021-11-04T17:54:25Z"}},"entity":{"data_asset":{"mime_type":"text/csv","dataset":false}},"attachments":[{"id":"53d3a38b-f7bb-4c3a-b4c0-3dd1a60b289a","version":2,"asset_type":"data_asset","name":"LOANS.csv","mime":"text/csv","datasource_type":"193a97c1-4475-4a19-b90c-295c4fdc6517","object_key":"LOANS.csv","creator_id":"IBMid-664001S209","create_time":1636048465377,"size":187222,"is_remote":false,"is_managed":false,"is_referenced":true,"is_object_key_read_only":true,"is_user_provided_path_key":true,"transfer_complete":true,"is_partitioned":false,"complete_time_ticks":1636048465377,"user_data":{},"test_doc":0,"handle":{"bucket":"desafio1maratona2021-donotdelete-pr-eb8eggp1gl8fur","location":"us-geo","key":"LOANS.csv","upload_id":"done","max_part_num":1},"usage":{"access_count":0,"last_accessor_id":"IBMid-664001S209","last_access_time":1636048465377}}]}
