{"metadata":{"asset_id":"d585b99f-6cc6-4085-9890-554acc489e9a","asset_attributes":["notebook"],"name":"notebook-es","asset_type":"notebook","created_at":"2021-11-10T13:45:43Z","description":"","origin_country":"us","owner_id":"IBMid-664001S209","project_id":"0c778103-a9c3-4b76-baf3-1faabad341e6","size":22112,"tags":["notebook"],"usage":{"last_update_time":1636551946545,"last_updated_at":"2021-11-10T13:45:46Z"}},"entity":{"notebook":{"kernel":"","originates_from":{"type":"blank"},"runtime":{"environment":"conda2py38-0c778103-a9c3-4b76-baf3-1faabad341e6"}}},"attachments":[{"id":"3f7f1f5d-d324-4738-8f55-dd9bf5176b8d","version":2,"asset_type":"notebook","name":"attachment for notebook d585b99f-6cc6-4085-9890-554acc489e9a","description":"attachment for notebook d585b99f-6cc6-4085-9890-554acc489e9a","mime":"application/json","datasource_type":"193a97c1-4475-4a19-b90c-295c4fdc6517","object_key":"notebook/notebook-es_JL4fM_otb.ipynb","creator_id":"IBMid-664001S209","create_time":1636551946545,"size":22112,"is_remote":false,"is_managed":false,"is_referenced":true,"is_object_key_read_only":false,"is_user_provided_path_key":true,"transfer_complete":true,"is_partitioned":false,"complete_time_ticks":1636551946545,"user_data":{},"test_doc":0,"handle":{"bucket":"desafio1maratona2021-donotdelete-pr-eb8eggp1gl8fur","location":"us-geo","key":"notebook/notebook-es_JL4fM_otb.ipynb","upload_id":"done","max_part_num":1},"usage":{"access_count":0,"last_accessor_id":"IBMid-664001S209","last_access_time":1636551946545}}]}
