{"metadata":{"asset_id":"2a072677-8c09-4e0c-a44c-a58b886326c0","asset_attributes":["notebook"],"name":"notebook-pt","asset_type":"notebook","created_at":"2021-11-10T13:45:13Z","description":"","origin_country":"us","owner_id":"IBMid-664001S209","project_id":"0c778103-a9c3-4b76-baf3-1faabad341e6","size":22938,"tags":["notebook"],"usage":{"last_update_time":1636839028448,"last_updated_at":"2021-11-13T21:30:28Z"}},"entity":{"notebook":{"kernel":{"name":"python3","display_name":"Python 3.8","language":"python"},"originates_from":{"type":"blank"},"runtime":{"environment":"conda1py38-0c778103-a9c3-4b76-baf3-1faabad341e6"}}},"attachments":[{"id":"3bb9c2a6-5d70-4e86-9b63-071fa4fcb12c","version":2,"asset_type":"notebook","name":"attachment for notebook 2a072677-8c09-4e0c-a44c-a58b886326c0","description":"attachment for notebook 2a072677-8c09-4e0c-a44c-a58b886326c0","mime":"application/json","datasource_type":"193a97c1-4475-4a19-b90c-295c4fdc6517","object_key":"notebook/notebook-pt_tmq_uMMpX.ipynb","creator_id":"IBMid-664001S209","create_time":1636551914812,"size":22938,"is_remote":false,"is_managed":false,"is_referenced":true,"is_object_key_read_only":false,"is_user_provided_path_key":true,"transfer_complete":true,"is_partitioned":false,"complete_time_ticks":1636551914812,"user_data":{},"test_doc":0,"handle":{"bucket":"desafio1maratona2021-donotdelete-pr-eb8eggp1gl8fur","location":"us-geo","key":"notebook/notebook-pt_tmq_uMMpX.ipynb","upload_id":"done","max_part_num":1},"usage":{"access_count":3,"last_accessor_id":"IBMid-664001S209","last_access_time":1636839024216,"last_updater_id":"IBMid-664001S209","last_update_time":1636839024216}}]}
